record_type,league_id,season,week,bid_amount,keeper_status,nominatingTeam,playerId,playerName,round_num,round_pick,team
draft,2052609889,2026,,0,False,,4429795,Jahmyr Gibbs,1,1,"{""team_id"": 10, ""team_name"": ""Piss Missile""}"
draft,2052609889,2026,,0,False,,4430807,Bijan Robinson,1,2,"{""team_id"": 5, ""team_name"": ""Ak's Back2Back campaign""}"
draft,2052609889,2026,,0,False,,4374302,Amon-Ra St. Brown,1,3,"{""team_id"": 9, ""team_name"": ""Ledos ""}"
draft,2052609889,2026,,0,False,,4430878,Jaxon Smith-Njigba,1,4,"{""team_id"": 1, ""team_name"": ""#freediddy""}"
draft,2052609889,2026,,0,False,,3918298,Josh Allen,1,5,"{""team_id"": 6, ""team_name"": ""Rakesh's Rowdy Team""}"
draft,2052609889,2026,,0,False,,4426515,Puka Nacua,1,6,"{""team_id"": 8, ""team_name"": ""Punjabi Freedom Fighters""}"
draft,2052609889,2026,,0,False,,4362628,Ja'Marr Chase,1,7,"{""team_id"": 14, ""team_name"": ""Taking Over""}"
draft,2052609889,2026,,0,False,,3117251,Christian McCaffrey,1,8,"{""team_id"": 13, ""team_name"": ""Skraight Fries""}"
draft,2052609889,2026,,0,False,,4242335,Jonathan Taylor,1,9,"{""team_id"": 12, ""team_name"": ""L'Jarius Sneed n Em""}"
draft,2052609889,2026,,0,False,,4379399,James Cook III,1,10,"{""team_id"": 3, ""team_name"": ""Fartknocker""}"
draft,2052609889,2026,,0,False,,4241389,CeeDee Lamb,1,11,"{""team_id"": 11, ""team_name"": ""Twon""}"
draft,2052609889,2026,,0,False,,4262921,Justin Jefferson,1,12,"{""team_id"": 4, ""team_name"": ""JD5 Eater""}"
draft,2052609889,2026,,0,False,,4429160,De'Von Achane,1,13,"{""team_id"": 2, ""team_name"": ""Desert Warriors""}"
draft,2052609889,2026,,0,False,,4362238,Chase Brown,1,14,"{""team_id"": 7, ""team_name"": ""James's Scary Team""}"
draft,2052609889,2026,,0,False,,4426502,Drake London,2,1,"{""team_id"": 7, ""team_name"": ""James's Scary Team""}"
draft,2052609889,2026,,0,False,,4685382,Omarion Hampton,2,2,"{""team_id"": 2, ""team_name"": ""Desert Warriors""}"
draft,2052609889,2026,,0,False,,3043078,Derrick Henry,2,3,"{""team_id"": 4, ""team_name"": ""JD5 Eater""}"
draft,2052609889,2026,,0,False,,4890973,Ashton Jeanty,2,4,"{""team_id"": 11, ""team_name"": ""Twon""}"
draft,2052609889,2026,,0,False,,4047646,A.J. Brown,2,5,"{""team_id"": 3, ""team_name"": ""Fartknocker""}"
draft,2052609889,2026,,0,False,,4428331,Rashee Rice,2,6,"{""team_id"": 12, ""team_name"": ""L'Jarius Sneed n Em""}"
draft,2052609889,2026,,0,False,,3929630,Saquon Barkley,2,7,"{""team_id"": 13, ""team_name"": ""Skraight Fries""}"
draft,2052609889,2026,,0,False,,4870808,Jeremiyah Love,2,8,"{""team_id"": 14, ""team_name"": ""Taking Over""}"
draft,2052609889,2026,,0,False,,4432665,Brock Bowers,2,9,"{""team_id"": 8, ""team_name"": ""Punjabi Freedom Fighters""}"
draft,2052609889,2026,,0,False,,4361579,Javonte Williams,2,10,"{""team_id"": 6, ""team_name"": ""Rakesh's Rowdy Team""}"
draft,2052609889,2026,,0,False,,4361307,Trey McBride,2,11,"{""team_id"": 1, ""team_name"": ""#freediddy""}"
draft,2052609889,2026,,0,False,,4430737,Kyren Williams,2,12,"{""team_id"": 9, ""team_name"": ""Ledos ""}"
draft,2052609889,2026,,0,False,,4595348,Malik Nabers,2,13,"{""team_id"": 5, ""team_name"": ""Ak's Back2Back campaign""}"
draft,2052609889,2026,,0,False,,4258173,Nico Collins,2,14,"{""team_id"": 10, ""team_name"": ""Piss Missile""}"
draft,2052609889,2026,,0,False,,4361370,Chris Olave,3,1,"{""team_id"": 10, ""team_name"": ""Piss Missile""}"
draft,2052609889,2026,,0,False,,4567048,Kenneth Walker III,3,2,"{""team_id"": 5, ""team_name"": ""Ak's Back2Back campaign""}"
draft,2052609889,2026,,0,False,,4241478,DeVonta Smith,3,3,"{""team_id"": 9, ""team_name"": ""Ledos ""}"
draft,2052609889,2026,,0,False,,4685472,Tetairoa McMillan,3,4,"{""team_id"": 1, ""team_name"": ""#freediddy""}"
draft,2052609889,2026,,0,False,,4426354,George Pickens,3,5,"{""team_id"": 6, ""team_name"": ""Rakesh's Rowdy Team""}"
draft,2052609889,2026,,0,False,,4429615,Zay Flowers,3,6,"{""team_id"": 8, ""team_name"": ""Punjabi Freedom Fighters""}"
draft,2052609889,2026,,0,False,,4427366,Breece Hall,3,7,"{""team_id"": 14, ""team_name"": ""Taking Over""}"
draft,2052609889,2026,,0,False,,4612826,Ladd McConkey,3,8,"{""team_id"": 13, ""team_name"": ""Skraight Fries""}"
draft,2052609889,2026,,0,False,,4723086,Colston Loveland,3,9,"{""team_id"": 12, ""team_name"": ""L'Jarius Sneed n Em""}"
draft,2052609889,2026,,0,False,,4569618,Garrett Wilson,3,10,"{""team_id"": 3, ""team_name"": ""Fartknocker""}"
draft,2052609889,2026,,0,False,,4239993,Tee Higgins,3,11,"{""team_id"": 11, ""team_name"": ""Twon""}"
draft,2052609889,2026,,0,False,,4567750,Emeka Egbuka,3,12,"{""team_id"": 4, ""team_name"": ""JD5 Eater""}"
draft,2052609889,2026,,0,False,,4239996,Travis Etienne Jr.,3,13,"{""team_id"": 2, ""team_name"": ""Desert Warriors""}"
draft,2052609889,2026,,0,False,,4372016,Jaylen Waddle,3,14,"{""team_id"": 7, ""team_name"": ""James's Scary Team""}"
draft,2052609889,2026,,0,False,,4035538,David Montgomery,4,1,"{""team_id"": 7, ""team_name"": ""James's Scary Team""}"
draft,2052609889,2026,,0,False,,16800,Davante Adams,4,2,"{""team_id"": 2, ""team_name"": ""Desert Warriors""}"
draft,2052609889,2026,,0,False,,-16014,Rams D/ST,4,3,"{""team_id"": 4, ""team_name"": ""JD5 Eater""}"
draft,2052609889,2026,,0,False,,4685702,Quinshon Judkins,4,4,"{""team_id"": 11, ""team_name"": ""Twon""}"
draft,2052609889,2026,,0,False,,4696981,Cam Skattebo,4,5,"{""team_id"": 3, ""team_name"": ""Fartknocker""}"
draft,2052609889,2026,,0,False,,4685512,Jadarian Price,4,6,"{""team_id"": 12, ""team_name"": ""L'Jarius Sneed n Em""}"
draft,2052609889,2026,,0,False,,3916387,Lamar Jackson,4,7,"{""team_id"": 13, ""team_name"": ""Skraight Fries""}"
draft,2052609889,2026,,0,False,,4259545,D'Andre Swift,4,8,"{""team_id"": 14, ""team_name"": ""Taking Over""}"
draft,2052609889,2026,,0,False,,4882093,Bhayshul Tuten,4,9,"{""team_id"": 8, ""team_name"": ""Punjabi Freedom Fighters""}"
draft,2052609889,2026,,0,False,,4596448,Bucky Irving,4,10,"{""team_id"": 6, ""team_name"": ""Rakesh's Rowdy Team""}"
draft,2052609889,2026,,0,False,,4431459,Tyler Warren,4,11,"{""team_id"": 1, ""team_name"": ""#freediddy""}"
draft,2052609889,2026,,0,False,,4040715,Jalen Hurts,4,12,"{""team_id"": 9, ""team_name"": ""Ledos ""}"
draft,2052609889,2026,,0,False,,3915416,DJ Moore,4,13,"{""team_id"": 5, ""team_name"": ""Ak's Back2Back campaign""}"
draft,2052609889,2026,,0,False,,4569173,Rhamondre Stevenson,4,14,"{""team_id"": 10, ""team_name"": ""Piss Missile""}"
draft,2052609889,2026,,0,False,,3121422,Terry McLaurin,5,1,"{""team_id"": 10, ""team_name"": ""Piss Missile""}"
draft,2052609889,2026,,0,False,,3139477,Patrick Mahomes,5,2,"{""team_id"": 5, ""team_name"": ""Ak's Back2Back campaign""}"
draft,2052609889,2026,,0,False,,3121023,Dallas Goedert,5,3,"{""team_id"": 9, ""team_name"": ""Ledos ""}"
draft,2052609889,2026,,0,False,,4432710,TreVeyon Henderson,5,4,"{""team_id"": 1, ""team_name"": ""#freediddy""}"
draft,2052609889,2026,,0,False,,4431299,Rome Odunze,5,5,"{""team_id"": 6, ""team_name"": ""Rakesh's Rowdy Team""}"
draft,2052609889,2026,,0,False,,4047365,Josh Jacobs,5,6,"{""team_id"": 8, ""team_name"": ""Punjabi Freedom Fighters""}"
draft,2052609889,2026,,0,False,,4431452,Drake Maye,5,7,"{""team_id"": 14, ""team_name"": ""Taking Over""}"
draft,2052609889,2026,,0,False,,4871023,Carnell Tate,5,8,"{""team_id"": 13, ""team_name"": ""Skraight Fries""}"
draft,2052609889,2026,,0,False,,4426348,Jayden Daniels,5,9,"{""team_id"": 12, ""team_name"": ""L'Jarius Sneed n Em""}"
draft,2052609889,2026,,0,False,,3915511,Joe Burrow,5,10,"{""team_id"": 3, ""team_name"": ""Fartknocker""}"
draft,2052609889,2026,,0,False,,4426388,Jameson Williams,5,11,"{""team_id"": 11, ""team_name"": ""Twon""}"
draft,2052609889,2026,,0,False,,4569987,Jaylen Warren,5,12,"{""team_id"": 4, ""team_name"": ""JD5 Eater""}"
draft,2052609889,2026,,0,False,,2577417,Dak Prescott,5,13,"{""team_id"": 2, ""team_name"": ""Desert Warriors""}"
draft,2052609889,2026,,0,False,,4685278,Luther Burden III,5,14,"{""team_id"": 7, ""team_name"": ""James's Scary Team""}"
draft,2052609889,2026,,0,False,,5083076,Harold Fannin Jr.,6,1,"{""team_id"": 7, ""team_name"": ""James's Scary Team""}"
draft,2052609889,2026,,0,False,,4432708,Marvin Harrison Jr.,6,2,"{""team_id"": 2, ""team_name"": ""Desert Warriors""}"
draft,2052609889,2026,,0,False,,4038941,Justin Herbert,6,3,"{""team_id"": 4, ""team_name"": ""JD5 Eater""}"
draft,2052609889,2026,,0,False,,4360248,Kyle Pitts Sr.,6,4,"{""team_id"": 11, ""team_name"": ""Twon""}"
draft,2052609889,2026,,0,False,,4430027,Sam LaPorta,6,5,"{""team_id"": 3, ""team_name"": ""Fartknocker""}"
draft,2052609889,2026,,0,False,,3128429,Courtland Sutton,6,6,"{""team_id"": 12, ""team_name"": ""L'Jarius Sneed n Em""}"
draft,2052609889,2026,,0,False,,4572680,Tucker Kraft,6,7,"{""team_id"": 13, ""team_name"": ""Skraight Fries""}"
draft,2052609889,2026,,0,False,,4432620,Parker Washington,6,8,"{""team_id"": 14, ""team_name"": ""Taking Over""}"
draft,2052609889,2026,,0,False,,16737,Mike Evans,6,9,"{""team_id"": 8, ""team_name"": ""Punjabi Freedom Fighters""}"
draft,2052609889,2026,,0,False,,4035687,Michael Pittman Jr.,6,10,"{""team_id"": 6, ""team_name"": ""Rakesh's Rowdy Team""}"
draft,2052609889,2026,,0,False,,4047650,DK Metcalf,6,11,"{""team_id"": 1, ""team_name"": ""#freediddy""}"
draft,2052609889,2026,,0,False,,4568490,RJ Harvey,6,12,"{""team_id"": 9, ""team_name"": ""Ledos ""}"
draft,2052609889,2026,,0,False,,3916148,Tony Pollard,6,13,"{""team_id"": 5, ""team_name"": ""Ak's Back2Back campaign""}"
draft,2052609889,2026,,0,False,,4038815,Rico Dowdle,6,14,"{""team_id"": 10, ""team_name"": ""Piss Missile""}"
draft,2052609889,2026,,0,False,,3040151,George Kittle,7,1,"{""team_id"": 10, ""team_name"": ""Piss Missile""}"
draft,2052609889,2026,,0,False,,4385690,Dalton Kincaid,7,2,"{""team_id"": 5, ""team_name"": ""Ak's Back2Back campaign""}"
draft,2052609889,2026,,0,False,,2976212,Stefon Diggs,7,3,"{""team_id"": 9, ""team_name"": ""Ledos ""}"
draft,2052609889,2026,,0,False,,3953687,Brandon Aubrey,7,4,"{""team_id"": 1, ""team_name"": ""#freediddy""}"
draft,2052609889,2026,,0,False,,4242355,Jake Ferguson,7,5,"{""team_id"": 6, ""team_name"": ""Rakesh's Rowdy Team""}"
draft,2052609889,2026,,0,False,,4689114,Jaxson Dart,7,6,"{""team_id"": 8, ""team_name"": ""Punjabi Freedom Fighters""}"
draft,2052609889,2026,,0,False,,4360761,Michael Wilson,7,7,"{""team_id"": 14, ""team_name"": ""Taking Over""}"
draft,2052609889,2026,,0,False,,4429023,MarShawn Lloyd,7,8,"{""team_id"": 13, ""team_name"": ""Skraight Fries""}"
draft,2052609889,2026,,0,False,,4248528,Christian Watson,7,9,"{""team_id"": 12, ""team_name"": ""L'Jarius Sneed n Em""}"
draft,2052609889,2026,,0,False,,4371733,Kenny Gainwell,7,10,"{""team_id"": 3, ""team_name"": ""Fartknocker""}"
draft,2052609889,2026,,0,False,,4360310,Trevor Lawrence,7,11,"{""team_id"": 11, ""team_name"": ""Twon""}"
draft,2052609889,2026,,0,False,,4241416,Chuba Hubbard,7,12,"{""team_id"": 4, ""team_name"": ""JD5 Eater""}"
draft,2052609889,2026,,0,False,,15847,Travis Kelce,7,13,"{""team_id"": 2, ""team_name"": ""Desert Warriors""}"
draft,2052609889,2026,,0,False,,3116165,Chris Godwin Jr.,7,14,"{""team_id"": 7, ""team_name"": ""James's Scary Team""}"
draft,2052609889,2026,,0,False,,4431611,Caleb Williams,8,1,"{""team_id"": 7, ""team_name"": ""James's Scary Team""}"
draft,2052609889,2026,,0,False,,4569587,Wan'Dale Robinson,8,2,"{""team_id"": 2, ""team_name"": ""Desert Warriors""}"
draft,2052609889,2026,,0,False,,4678008,Jonathon Brooks,8,3,"{""team_id"": 4, ""team_name"": ""JD5 Eater""}"
draft,2052609889,2026,,0,False,,4432773,Brian Thomas Jr.,8,4,"{""team_id"": 11, ""team_name"": ""Twon""}"
draft,2052609889,2026,,0,False,,4701936,Matthew Golden,8,5,"{""team_id"": 3, ""team_name"": ""Fartknocker""}"
draft,2052609889,2026,,0,False,,3042519,Aaron Jones Sr.,8,6,"{""team_id"": 12, ""team_name"": ""L'Jarius Sneed n Em""}"
draft,2052609889,2026,,0,False,,4360078,Alec Pierce,8,7,"{""team_id"": 13, ""team_name"": ""Skraight Fries""}"
draft,2052609889,2026,,0,False,,4361050,Isaiah Likely,8,8,"{""team_id"": 14, ""team_name"": ""Taking Over""}"
draft,2052609889,2026,,0,False,,4685415,Travis Hunter,8,9,"{""team_id"": 8, ""team_name"": ""Punjabi Freedom Fighters""}"
draft,2052609889,2026,,0,False,,3916433,Jakobi Meyers,8,10,"{""team_id"": 6, ""team_name"": ""Rakesh's Rowdy Team""}"
draft,2052609889,2026,,0,False,,4608686,Kyle Monangai,8,11,"{""team_id"": 1, ""team_name"": ""#freediddy""}"
draft,2052609889,2026,,0,False,,4686361,Cam Little,8,12,"{""team_id"": 9, ""team_name"": ""Ledos ""}"
draft,2052609889,2026,,0,False,,4429205,Jordan Addison,8,13,"{""team_id"": 5, ""team_name"": ""Ak's Back2Back campaign""}"
draft,2052609889,2026,,0,False,,4426338,Bo Nix,8,14,"{""team_id"": 10, ""team_name"": ""Piss Missile""}"
draft,2052609889,2026,,0,False,,4697815,Rachaad White,9,1,"{""team_id"": 10, ""team_name"": ""Piss Missile""}"
draft,2052609889,2026,,0,False,,4241985,J.K. Dobbins,9,2,"{""team_id"": 5, ""team_name"": ""Ak's Back2Back campaign""}"
draft,2052609889,2026,,0,False,,-16026,Seahawks D/ST,9,3,"{""team_id"": 9, ""team_name"": ""Ledos ""}"
draft,2052609889,2026,,0,False,,12483,Matthew Stafford,9,4,"{""team_id"": 1, ""team_name"": ""#freediddy""}"
draft,2052609889,2026,,0,False,,4361741,Brock Purdy,9,5,"{""team_id"": 6, ""team_name"": ""Rakesh's Rowdy Team""}"
draft,2052609889,2026,,0,False,,4688813,Josh Downs,9,6,"{""team_id"": 8, ""team_name"": ""Punjabi Freedom Fighters""}"
draft,2052609889,2026,,0,False,,4429025,Quentin Johnston,9,7,"{""team_id"": 14, ""team_name"": ""Taking Over""}"
draft,2052609889,2026,,0,False,,4429096,Blake Corum,9,8,"{""team_id"": 13, ""team_name"": ""Skraight Fries""}"
draft,2052609889,2026,,0,False,,4362249,Jayden Reed,9,9,"{""team_id"": 12, ""team_name"": ""L'Jarius Sneed n Em""}"
draft,2052609889,2026,,0,False,,4428557,Tyjae Spears,9,10,"{""team_id"": 3, ""team_name"": ""Fartknocker""}"
draft,2052609889,2026,,0,False,,-16034,Texans D/ST,9,11,"{""team_id"": 11, ""team_name"": ""Twon""}"
draft,2052609889,2026,,0,False,,3116365,Mark Andrews,9,12,"{""team_id"": 4, ""team_name"": ""JD5 Eater""}"
draft,2052609889,2026,,0,False,,4870795,Makai Lemon,9,13,"{""team_id"": 2, ""team_name"": ""Desert Warriors""}"
draft,2052609889,2026,,0,False,,4695883,Jalen Coker,9,14,"{""team_id"": 7, ""team_name"": ""James's Scary Team""}"
draft,2052609889,2026,,0,False,,4360569,Jordan Mason,10,1,"{""team_id"": 7, ""team_name"": ""James's Scary Team""}"
draft,2052609889,2026,,0,False,,4429059,Woody Marks,10,2,"{""team_id"": 2, ""team_name"": ""Desert Warriors""}"
draft,2052609889,2026,,0,False,,3046779,Jared Goff,10,3,"{""team_id"": 4, ""team_name"": ""JD5 Eater""}"
draft,2052609889,2026,,0,False,,4575131,Jacory Croskey-Merritt,10,4,"{""team_id"": 11, ""team_name"": ""Twon""}"
draft,2052609889,2026,,0,False,,4361432,Romeo Doubs,10,5,"{""team_id"": 3, ""team_name"": ""Fartknocker""}"
draft,2052609889,2026,,0,False,,2473037,Jason Myers,10,6,"{""team_id"": 12, ""team_name"": ""L'Jarius Sneed n Em""}"
draft,2052609889,2026,,0,False,,4880281,Jordyn Tyson,10,7,"{""team_id"": 13, ""team_name"": ""Skraight Fries""}"
draft,2052609889,2026,,0,False,,3126486,Deebo Samuel Sr.,10,8,"{""team_id"": 14, ""team_name"": ""Taking Over""}"
draft,2052609889,2026,,0,False,,4362081,Cameron Dicker,10,9,"{""team_id"": 8, ""team_name"": ""Punjabi Freedom Fighters""}"
draft,2052609889,2026,,0,False,,-16007,Broncos D/ST,10,10,"{""team_id"": 6, ""team_name"": ""Rakesh's Rowdy Team""}"
draft,2052609889,2026,,0,False,,4683062,Xavier Worthy,10,11,"{""team_id"": 1, ""team_name"": ""#freediddy""}"
draft,2052609889,2026,,0,False,,3046439,Hunter Henry,10,12,"{""team_id"": 9, ""team_name"": ""Ledos ""}"
draft,2052609889,2026,,0,False,,-16023,Steelers D/ST,10,13,"{""team_id"": 5, ""team_name"": ""Ak's Back2Back campaign""}"
draft,2052609889,2026,,0,False,,4373678,Khalil Shakir,10,14,"{""team_id"": 10, ""team_name"": ""Piss Missile""}"
draft,2052609889,2026,,0,False,,4870653,KC Concepcion,11,1,"{""team_id"": 10, ""team_name"": ""Piss Missile""}"
draft,2052609889,2026,,0,False,,4360689,Tyler Shough,11,2,"{""team_id"": 5, ""team_name"": ""Ak's Back2Back campaign""}"
draft,2052609889,2026,,0,False,,15818,Keenan Allen,11,3,"{""team_id"": 9, ""team_name"": ""Ledos ""}"
draft,2052609889,2026,,0,False,,4426385,Zach Charbonnet,11,4,"{""team_id"": 1, ""team_name"": ""#freediddy""}"
draft,2052609889,2026,,0,False,,4361529,Isiah Pacheco,11,5,"{""team_id"": 6, ""team_name"": ""Rakesh's Rowdy Team""}"
draft,2052609889,2026,,0,False,,3917315,Kyler Murray,11,6,"{""team_id"": 8, ""team_name"": ""Punjabi Freedom Fighters""}"
draft,2052609889,2026,,0,False,,4710714,De'Zhaun Stribling,11,7,"{""team_id"": 14, ""team_name"": ""Taking Over""}"
draft,2052609889,2026,,0,False,,3052587,Baker Mayfield,11,8,"{""team_id"": 13, ""team_name"": ""Skraight Fries""}"
draft,2052609889,2026,,0,False,,4036378,Jordan Love,11,9,"{""team_id"": 12, ""team_name"": ""L'Jarius Sneed n Em""}"
draft,2052609889,2026,,0,False,,4373626,Tyler Allgeier,11,10,"{""team_id"": 3, ""team_name"": ""Fartknocker""}"
draft,2052609889,2026,,0,False,,2971573,Ka'imi Fairbairn,11,11,"{""team_id"": 11, ""team_name"": ""Twon""}"
draft,2052609889,2026,,0,False,,4036133,T.J. Hockenson,11,12,"{""team_id"": 4, ""team_name"": ""JD5 Eater""}"
draft,2052609889,2026,,0,False,,3917792,Daniel Jones,11,13,"{""team_id"": 2, ""team_name"": ""Desert Warriors""}"
draft,2052609889,2026,,0,False,,4428718,Tre Tucker,11,14,"{""team_id"": 7, ""team_name"": ""James's Scary Team""}"
draft,2052609889,2026,,0,False,,-16021,Eagles D/ST,12,1,"{""team_id"": 7, ""team_name"": ""James's Scary Team""}"
draft,2052609889,2026,,0,False,,4366031,Tank Dell,12,2,"{""team_id"": 2, ""team_name"": ""Desert Warriors""}"
draft,2052609889,2026,,0,False,,4034949,Eddy Pineiro,12,3,"{""team_id"": 4, ""team_name"": ""JD5 Eater""}"
draft,2052609889,2026,,0,False,,3054850,Alvin Kamara,12,4,"{""team_id"": 11, ""team_name"": ""Twon""}"
draft,2052609889,2026,,0,False,,5081397,Dylan Sampson,12,5,"{""team_id"": 3, ""team_name"": ""Fartknocker""}"
draft,2052609889,2026,,0,False,,4032473,Rashid Shaheed,12,6,"{""team_id"": 12, ""team_name"": ""L'Jarius Sneed n Em""}"
draft,2052609889,2026,,0,False,,4429022,Kayshon Boutte,12,7,"{""team_id"": 13, ""team_name"": ""Skraight Fries""}"
draft,2052609889,2026,,0,False,,4362619,Chris Rodriguez Jr.,12,8,"{""team_id"": 14, ""team_name"": ""Taking Over""}"
draft,2052609889,2026,,0,False,,4430834,Jalen McMillan,12,9,"{""team_id"": 8, ""team_name"": ""Punjabi Freedom Fighters""}"
draft,2052609889,2026,,0,False,,3929645,Juwan Johnson,12,10,"{""team_id"": 6, ""team_name"": ""Rakesh's Rowdy Team""}"
draft,2052609889,2026,,0,False,,5083315,Kenyon Sadiq,12,11,"{""team_id"": 1, ""team_name"": ""#freediddy""}"
draft,2052609889,2026,,0,False,,3912547,Sam Darnold,12,12,"{""team_id"": 9, ""team_name"": ""Ledos ""}"
draft,2052609889,2026,,0,False,,4574716,Harrison Mevis,12,13,"{""team_id"": 5, ""team_name"": ""Ak's Back2Back campaign""}"
draft,2052609889,2026,,0,False,,3925357,Calvin Ridley,12,14,"{""team_id"": 10, ""team_name"": ""Piss Missile""}"
draft,2052609889,2026,,0,False,,4596334,Keaton Mitchell,13,1,"{""team_id"": 10, ""team_name"": ""Piss Missile""}"
draft,2052609889,2026,,0,False,,3051876,Evan Engram,13,2,"{""team_id"": 5, ""team_name"": ""Ak's Back2Back campaign""}"
draft,2052609889,2026,,0,False,,3050478,Jake Elliott,13,3,"{""team_id"": 9, ""team_name"": ""Ledos ""}"
draft,2052609889,2026,,0,False,,-16033,Ravens D/ST,13,4,"{""team_id"": 1, ""team_name"": ""#freediddy""}"
draft,2052609889,2026,,0,False,,3055899,Harrison Butker,13,5,"{""team_id"": 6, ""team_name"": ""Rakesh's Rowdy Team""}"
draft,2052609889,2026,,0,False,,-16005,Browns D/ST,13,6,"{""team_id"": 8, ""team_name"": ""Punjabi Freedom Fighters""}"
draft,2052609889,2026,,0,False,,4242512,Malik Willis,13,7,"{""team_id"": 14, ""team_name"": ""Taking Over""}"
draft,2052609889,2026,,0,False,,4689936,Jake Bates,13,8,"{""team_id"": 13, ""team_name"": ""Skraight Fries""}"
draft,2052609889,2026,,0,False,,-16017,Patriots D/ST,13,9,"{""team_id"": 12, ""team_name"": ""L'Jarius Sneed n Em""}"
draft,2052609889,2026,,0,False,,-16008,Lions D/ST,13,10,"{""team_id"": 3, ""team_name"": ""Fartknocker""}"
draft,2052609889,2026,,0,False,,4570037,Terrance Ferguson,13,11,"{""team_id"": 11, ""team_name"": ""Twon""}"
draft,2052609889,2026,,0,False,,4038441,Justice Hill,13,12,"{""team_id"": 4, ""team_name"": ""JD5 Eater""}"
draft,2052609889,2026,,0,False,,-16012,Chiefs D/ST,13,13,"{""team_id"": 2, ""team_name"": ""Desert Warriors""}"
draft,2052609889,2026,,0,False,,4702555,Jonah Coleman,13,14,"{""team_id"": 7, ""team_name"": ""James's Scary Team""}"
draft,2052609889,2026,,0,False,,4430539,Brenton Strange,14,1,"{""team_id"": 7, ""team_name"": ""James's Scary Team""}"
draft,2052609889,2026,,0,False,,4697745,Tyler Loop,14,2,"{""team_id"": 2, ""team_name"": ""Desert Warriors""}"
draft,2052609889,2026,,0,False,,4586312,Jaylin Noel,14,3,"{""team_id"": 4, ""team_name"": ""JD5 Eater""}"
draft,2052609889,2026,,0,False,,4241474,Brian Robinson Jr.,14,4,"{""team_id"": 11, ""team_name"": ""Twon""}"
draft,2052609889,2026,,0,False,,17427,Cairo Santos,14,5,"{""team_id"": 3, ""team_name"": ""Fartknocker""}"
draft,2052609889,2026,,0,False,,4832800,Denzel Boston,14,6,"{""team_id"": 12, ""team_name"": ""L'Jarius Sneed n Em""}"
draft,2052609889,2026,,0,False,,-16024,Chargers D/ST,14,7,"{""team_id"": 13, ""team_name"": ""Skraight Fries""}"
draft,2052609889,2026,,0,False,,4686658,Mike Washington Jr.,14,8,"{""team_id"": 14, ""team_name"": ""Taking Over""}"
draft,2052609889,2026,,0,False,,4241463,Jerry Jeudy,14,9,"{""team_id"": 8, ""team_name"": ""Punjabi Freedom Fighters""}"
draft,2052609889,2026,,0,False,,4597500,Adonai Mitchell,14,10,"{""team_id"": 6, ""team_name"": ""Rakesh's Rowdy Team""}"
draft,2052609889,2026,,0,False,,4869645,Caleb Douglas,14,11,"{""team_id"": 1, ""team_name"": ""#freediddy""}"
draft,2052609889,2026,,0,False,,-16002,Bills D/ST,14,12,"{""team_id"": 9, ""team_name"": ""Ledos ""}"
draft,2052609889,2026,,0,False,,4382466,Jalen Nailor,14,13,"{""team_id"": 5, ""team_name"": ""Ak's Back2Back campaign""}"
draft,2052609889,2026,,0,False,,4870847,Ja'Kobi Lane,14,14,"{""team_id"": 10, ""team_name"": ""Piss Missile""}"
draft,2052609889,2026,,0,False,,-16009,Packers D/ST,15,1,"{""team_id"": 10, ""team_name"": ""Piss Missile""}"
draft,2052609889,2026,,0,False,,4685247,Braelon Allen,15,2,"{""team_id"": 5, ""team_name"": ""Ak's Back2Back campaign""}"
draft,2052609889,2026,,0,False,,4360939,Rashod Bateman,15,3,"{""team_id"": 9, ""team_name"": ""Ledos ""}"
draft,2052609889,2026,,0,False,,4432577,C.J. Stroud,15,4,"{""team_id"": 1, ""team_name"": ""#freediddy""}"
draft,2052609889,2026,,0,False,,-16027,Buccaneers D/ST,15,5,"{""team_id"": 6, ""team_name"": ""Rakesh's Rowdy Team""}"
draft,2052609889,2026,,0,False,,4428850,Dontayvion Wicks,15,6,"{""team_id"": 8, ""team_name"": ""Punjabi Freedom Fighters""}"
draft,2052609889,2026,,0,False,,17372,Chris Boswell,15,7,"{""team_id"": 14, ""team_name"": ""Taking Over""}"
draft,2052609889,2026,,0,False,,4360635,Chig Okonkwo,15,8,"{""team_id"": 13, ""team_name"": ""Skraight Fries""}"
draft,2052609889,2026,,0,False,,4569559,Devaughn Vele,15,9,"{""team_id"": 12, ""team_name"": ""L'Jarius Sneed n Em""}"
draft,2052609889,2026,,0,False,,4685720,Bryce Young,15,10,"{""team_id"": 3, ""team_name"": ""Fartknocker""}"
draft,2052609889,2026,,0,False,,4429013,Tank Bigsby,15,11,"{""team_id"": 11, ""team_name"": ""Twon""}"
draft,2052609889,2026,,0,False,,4429501,Ray Davis,15,12,"{""team_id"": 4, ""team_name"": ""JD5 Eater""}"
draft,2052609889,2026,,0,False,,4870612,Zachariah Branch,15,13,"{""team_id"": 2, ""team_name"": ""Desert Warriors""}"
draft,2052609889,2026,,0,False,,4360234,Evan McPherson,15,14,"{""team_id"": 7, ""team_name"": ""James's Scary Team""}"
draft,2052609889,2026,,0,False,,4688380,Cam Ward,16,1,"{""team_id"": 7, ""team_name"": ""James's Scary Team""}"
draft,2052609889,2026,,0,False,,4367209,Greg Dulcich,16,2,"{""team_id"": 2, ""team_name"": ""Desert Warriors""}"
draft,2052609889,2026,,0,False,,5081432,Antonio Williams,16,3,"{""team_id"": 4, ""team_name"": ""JD5 Eater""}"
draft,2052609889,2026,,0,False,,4567104,Will Reichard,16,4,"{""team_id"": 11, ""team_name"": ""Twon""}"
draft,2052609889,2026,,0,False,,4685261,Germie Bernard,16,5,"{""team_id"": 3, ""team_name"": ""Fartknocker""}"
draft,2052609889,2026,,0,False,,4241457,Najee Harris,16,6,"{""team_id"": 12, ""team_name"": ""L'Jarius Sneed n Em""}"
draft,2052609889,2026,,0,False,,3117256,Dalton Schultz,16,7,"{""team_id"": 13, ""team_name"": ""Skraight Fries""}"
draft,2052609889,2026,,0,False,,-16030,Jaguars D/ST,16,8,"{""team_id"": 14, ""team_name"": ""Taking Over""}"
draft,2052609889,2026,,0,False,,4361411,Pat Freiermuth,16,9,"{""team_id"": 8, ""team_name"": ""Punjabi Freedom Fighters""}"
draft,2052609889,2026,,0,False,,3886598,Jauan Jennings,16,10,"{""team_id"": 6, ""team_name"": ""Rakesh's Rowdy Team""}"
draft,2052609889,2026,,0,False,,4569603,Malik Washington,16,11,"{""team_id"": 1, ""team_name"": ""#freediddy""}"
draft,2052609889,2026,,0,False,,4696044,Kaelon Black,16,12,"{""team_id"": 9, ""team_name"": ""Ledos ""}"
draft,2052609889,2026,,0,False,,4686612,Tre' Harris,16,13,"{""team_id"": 5, ""team_name"": ""Ak's Back2Back campaign""}"
draft,2052609889,2026,,0,False,,3150744,Chase McLaughlin,16,14,"{""team_id"": 10, ""team_name"": ""Piss Missile""}"
