record_type,league_id,season,week,displayName,firstName,id,lastName,notificationSettings
member,2052609889,2026,,ESPNFAN2402399770,Rakesh,{09659767-BB50-483A-8B84-CCF99DBC91EA},Patel,"[{""enabled"": true, ""forId"": 6, ""id"": ""2c212c34-c40f-319e-84d3-600dfdad7ee2"", ""type"": ""TEAM_LIVE_ACTIVITY""}, {""enabled"": true, ""forId"": 6, ""id"": ""dd46343d-5252-33d6-a7fc-8ac63e4ff2a3"", ""type"": ""TEAM_PLAYER_INJURY""}, {""enabled"": true, ""forId"": 6, ""id"": ""b26ed890-0f9d-351b-b5f1-90c8d3b8aade"", ""type"": ""TEAM_PLAYER_AVAILABILITY""}, {""enabled"": true, ""forId"": 6, ""id"": ""aef9502f-d08e-3057-811c-41527b3c35f6"", ""type"": ""TEAM_PLAYER_NEWS""}, {""enabled"": true, ""forId"": 6, ""id"": ""93352db6-f92c-3b06-be62-038d0c21cd48"", ""type"": ""TEAM_PLAYER_STARTBENCH""}, {""enabled"": true, ""forId"": 6, ""id"": ""94e68f70-9b5e-3199-91f4-cff9946aabde"", ""type"": ""TEAM_TRADE_OFFER""}, {""enabled"": true, ""forId"": 6, ""id"": ""61432516-fdf7-3a94-a484-492f840472cb"", ""type"": ""DRAFT""}, {""enabled"": true, ""forId"": 6, ""id"": ""fee53423-ac11-32a6-8372-6f6ae6eae01f"", ""type"": ""TEAM_MATCHUP_SCORE""}, {""enabled"": true, ""forId"": 6, ""id"": ""16004610-98d4-3bde-b839-65b9c67b0720"", ""type"": ""KEY_PLAY""}, {""enabled"": true, ""forId"": 6, ""id"": ""4d8c4616-5781-3996-b5c8-62d7eaa47c27"", ""type"": ""ACHIEVEMENT""}, {""enabled"": true, ""forId"": 6, ""id"": ""10840a2f-11d9-325f-a6ec-670193a4b57b"", ""type"": ""REDZONE""}, {""enabled"": true, ""forId"": 6, ""id"": ""77cc3a5a-f24a-3e09-83c6-1f90b93be0d6"", ""type"": ""ADD_DROP""}, {""enabled"": true, ""forId"": 6, ""id"": ""94f3c857-ec7a-30f9-9f4e-5391774741b2"", ""type"": ""WEEKLY_RECAP""}, {""enabled"": true, ""forId"": 6, ""id"": ""dd63f993-fb47-3961-a12c-b0699cbd90c1"", ""type"": ""WAIVERS""}, {""enabled"": true, ""forId"": 6, ""id"": ""2d3d820c-80d1-31a5-8ba1-f30b5fcc692e"", ""type"": ""CELEBRATION_SHARE""}]"
member,2052609889,2026,,espn22686118,Andrew,{33A2097B-D3FE-409F-BF97-CEE89031DBC9},Plotnick,"[{""enabled"": false, ""forId"": 14, ""id"": ""27420d7b-48fc-35ac-92eb-bf3f268efb32"", ""type"": ""TEAM_LIVE_ACTIVITY""}, {""enabled"": true, ""forId"": 14, ""id"": ""37da7a2e-500a-3db0-9a49-593d9744eaf9"", ""type"": ""TEAM_PLAYER_INJURY""}, {""enabled"": true, ""forId"": 14, ""id"": ""a36bcc52-6505-3f8d-b59c-f25c0e399e91"", ""type"": ""TEAM_PLAYER_AVAILABILITY""}, {""enabled"": true, ""forId"": 14, ""id"": ""cd6f6ed8-1c72-3e7e-9684-372d3b4d720d"", ""type"": ""TEAM_PLAYER_NEWS""}, {""enabled"": true, ""forId"": 14, ""id"": ""f0eeee6b-996a-34d7-80d0-f613888d37f4"", ""type"": ""TEAM_PLAYER_STARTBENCH""}, {""enabled"": true, ""forId"": 14, ""id"": ""0609ed02-336e-3dad-8cf8-53ff04a6515d"", ""type"": ""TEAM_TRADE_OFFER""}, {""enabled"": true, ""forId"": 14, ""id"": ""4d6a798e-afe1-35e7-9e19-c446bf37d014"", ""type"": ""DRAFT""}, {""enabled"": true, ""forId"": 14, ""id"": ""e32a4f14-f3b7-3943-9c06-9aacfcbe69bc"", ""type"": ""TEAM_MATCHUP_SCORE""}, {""enabled"": true, ""forId"": 14, ""id"": ""c4fbd580-d2cb-3d62-ade2-568e97a9cd10"", ""type"": ""KEY_PLAY""}, {""enabled"": true, ""forId"": 14, ""id"": ""9ce8c2e4-51db-34b8-b879-a9695d660ba3"", ""type"": ""ACHIEVEMENT""}, {""enabled"": true, ""forId"": 14, ""id"": ""f792f817-669d-3e48-9e42-db3a8e48885a"", ""type"": ""REDZONE""}, {""enabled"": true, ""forId"": 14, ""id"": ""3ba4f824-2bed-39e0-98b7-812a397d99f7"", ""type"": ""ADD_DROP""}, {""enabled"": true, ""forId"": 14, ""id"": ""41080fe8-64e0-3b4f-9398-453962c69ce9"", ""type"": ""WEEKLY_RECAP""}, {""enabled"": true, ""forId"": 14, ""id"": ""41003f22-4a2c-388b-a4bb-a1c9f7a69a40"", ""type"": ""WAIVERS""}, {""enabled"": true, ""forId"": 14, ""id"": ""a65fe21e-3b19-399c-99a1-9d924599c45a"", ""type"": ""CELEBRATION_SHARE""}]"
member,2052609889,2026,,ESPNFAN5332182030,Jack,{3DCCE924-FEBF-449A-A688-A69FA7E5A090},Joncas,"[{""enabled"": true, ""forId"": 13, ""id"": ""72df798e-6819-3497-ae5e-33155fa6f3cf"", ""type"": ""TEAM_LIVE_ACTIVITY""}, {""enabled"": true, ""forId"": 13, ""id"": ""75c64094-12a7-3e5e-82f6-492f2c0524d1"", ""type"": ""TEAM_PLAYER_INJURY""}, {""enabled"": true, ""forId"": 13, ""id"": ""fba89ed8-6667-3c83-acb9-557df11b5782"", ""type"": ""TEAM_PLAYER_AVAILABILITY""}, {""enabled"": true, ""forId"": 13, ""id"": ""cf512c6b-2825-3a7a-876a-eddd55cd5488"", ""type"": ""TEAM_PLAYER_NEWS""}, {""enabled"": true, ""forId"": 13, ""id"": ""fa567848-1b18-3f2e-ae77-4421278ecc97"", ""type"": ""TEAM_PLAYER_STARTBENCH""}, {""enabled"": true, ""forId"": 13, ""id"": ""1f8eafd3-2dad-3e1a-bfb2-8ac17f7476c2"", ""type"": ""TEAM_TRADE_OFFER""}, {""enabled"": true, ""forId"": 13, ""id"": ""7f17b971-dd3f-39a9-8640-eb9ba8c5c21c"", ""type"": ""DRAFT""}, {""enabled"": true, ""forId"": 13, ""id"": ""75a420a6-b823-3d7b-abd0-ec541a578e38"", ""type"": ""TEAM_MATCHUP_SCORE""}, {""enabled"": true, ""forId"": 13, ""id"": ""a2f3abbf-7795-3e0d-961d-9140427fd211"", ""type"": ""KEY_PLAY""}, {""enabled"": true, ""forId"": 13, ""id"": ""120322ec-8303-319f-9dfe-ae8b9e7586d8"", ""type"": ""ACHIEVEMENT""}, {""enabled"": true, ""forId"": 13, ""id"": ""4f3628ca-cbc4-37f5-9d3e-8446dcd1a120"", ""type"": ""REDZONE""}, {""enabled"": true, ""forId"": 13, ""id"": ""0c598869-1ac0-3a0a-ac14-477c52421818"", ""type"": ""ADD_DROP""}, {""enabled"": true, ""forId"": 13, ""id"": ""46fb0fb0-49d9-366c-b48a-34c7c2666cf5"", ""type"": ""WEEKLY_RECAP""}, {""enabled"": true, ""forId"": 13, ""id"": ""e5fd88bb-fde7-3740-977e-a732eee21d2f"", ""type"": ""WAIVERS""}, {""enabled"": true, ""forId"": 13, ""id"": ""f97926b2-c894-32ae-89d3-cd33ebadb7e2"", ""type"": ""CELEBRATION_SHARE""}]"
member,2052609889,2026,,espnfan1784884193,Alphonse,{420B10CF-D9C7-4268-AACF-2065D727A2F5},Mansare,"[{""enabled"": true, ""forId"": 1, ""id"": ""edccd4bd-6db8-3908-bd52-1a3e5818f0f3"", ""type"": ""TEAM_LIVE_ACTIVITY""}, {""enabled"": true, ""forId"": 1, ""id"": ""61d66132-ff75-3434-a186-2410426ce196"", ""type"": ""TEAM_PLAYER_INJURY""}, {""enabled"": true, ""forId"": 1, ""id"": ""e3ba0efa-9d70-3eec-98b9-62a3d69d6b81"", ""type"": ""TEAM_PLAYER_AVAILABILITY""}, {""enabled"": true, ""forId"": 1, ""id"": ""c1344aaf-343a-389d-8eed-b33a7909c867"", ""type"": ""TEAM_PLAYER_NEWS""}, {""enabled"": true, ""forId"": 1, ""id"": ""8124e9f8-03ca-3c16-a4a8-421512837b1f"", ""type"": ""TEAM_PLAYER_STARTBENCH""}, {""enabled"": true, ""forId"": 1, ""id"": ""9d137662-1f0b-3322-b506-ba3a9361b242"", ""type"": ""TEAM_TRADE_OFFER""}, {""enabled"": true, ""forId"": 1, ""id"": ""1a6fd2b8-6e67-3dea-b8e9-f5711261bc34"", ""type"": ""DRAFT""}, {""enabled"": true, ""forId"": 1, ""id"": ""42f5e789-7869-3409-8ef5-d872d4918bc8"", ""type"": ""TEAM_MATCHUP_SCORE""}, {""enabled"": true, ""forId"": 1, ""id"": ""83f1f2e6-0516-31f1-a456-1ead65c6e0b0"", ""type"": ""KEY_PLAY""}, {""enabled"": true, ""forId"": 1, ""id"": ""889c6c28-144f-3101-9781-9475961c824e"", ""type"": ""ACHIEVEMENT""}, {""enabled"": true, ""forId"": 1, ""id"": ""3b11c0ae-12cb-326f-87f2-11387d2620ce"", ""type"": ""REDZONE""}, {""enabled"": true, ""forId"": 1, ""id"": ""5feae4db-aa25-318c-a8e5-bc0d8b4d0440"", ""type"": ""ADD_DROP""}, {""enabled"": true, ""forId"": 1, ""id"": ""18030ed0-3bf5-3391-8519-22011fd3b011"", ""type"": ""WEEKLY_RECAP""}, {""enabled"": true, ""forId"": 1, ""id"": ""a83f9b49-5cd5-328e-9cdc-7ded11b6995c"", ""type"": ""WAIVERS""}, {""enabled"": true, ""forId"": 1, ""id"": ""9ea68efa-fe85-310f-ae6a-715bff68fe22"", ""type"": ""CELEBRATION_SHARE""}]"
member,2052609889,2026,,Aklilu B-woll,Aklilu,{55AE8EA9-6209-4A42-9593-4440046DD4FB},BW,"[{""enabled"": true, ""forId"": 5, ""id"": ""e0c79aef-6859-32ec-ad8f-39e0183589b9"", ""type"": ""TEAM_LIVE_ACTIVITY""}, {""enabled"": true, ""forId"": 5, ""id"": ""9793b438-629e-3f86-8bb7-f84518a71d9f"", ""type"": ""TEAM_PLAYER_INJURY""}, {""enabled"": true, ""forId"": 5, ""id"": ""f52f3602-7287-3af7-a133-4f701b13b732"", ""type"": ""TEAM_PLAYER_AVAILABILITY""}, {""enabled"": true, ""forId"": 5, ""id"": ""c7f99ecb-4f65-3789-9117-2dfb256497d5"", ""type"": ""TEAM_PLAYER_NEWS""}, {""enabled"": true, ""forId"": 5, ""id"": ""a2776ada-d78d-315f-8a23-baf436d0df5e"", ""type"": ""TEAM_PLAYER_STARTBENCH""}, {""enabled"": true, ""forId"": 5, ""id"": ""9eb82953-8b0b-32fb-90b1-01db0312f881"", ""type"": ""TEAM_TRADE_OFFER""}, {""enabled"": true, ""forId"": 5, ""id"": ""1a477960-195a-3489-9007-683a0a0bc034"", ""type"": ""DRAFT""}, {""enabled"": true, ""forId"": 5, ""id"": ""087b74b7-cb77-3661-98b9-e72a940f3ba1"", ""type"": ""TEAM_MATCHUP_SCORE""}, {""enabled"": true, ""forId"": 5, ""id"": ""9dd6dab1-1d2d-3b30-8bc4-59acb0f4b0ab"", ""type"": ""KEY_PLAY""}, {""enabled"": true, ""forId"": 5, ""id"": ""0726e26e-2d3b-3c60-b318-eecfb26c8782"", ""type"": ""ACHIEVEMENT""}, {""enabled"": true, ""forId"": 5, ""id"": ""4d3ea850-f250-321b-b5c1-b5ec8b65fc01"", ""type"": ""REDZONE""}, {""enabled"": true, ""forId"": 5, ""id"": ""ef7045cf-d425-3bd2-b999-9952a120000c"", ""type"": ""ADD_DROP""}, {""enabled"": true, ""forId"": 5, ""id"": ""405d9578-63d7-3f5b-935e-455d7c6dadc2"", ""type"": ""WEEKLY_RECAP""}, {""enabled"": true, ""forId"": 5, ""id"": ""3511648b-c50c-3c2d-a41b-909386250dc3"", ""type"": ""WAIVERS""}, {""enabled"": true, ""forId"": 5, ""id"": ""6d207f2a-50d6-3065-ab01-a02849797648"", ""type"": ""CELEBRATION_SHARE""}]"
member,2052609889,2026,,ESPNfan4197985801,Butt,{5E45FFBD-E125-421C-92DB-4C9F02E8C747},Stuff,"[{""enabled"": true, ""forId"": 3, ""id"": ""fb0bebd1-731a-3da6-84ee-784a22f7309f"", ""type"": ""TEAM_LIVE_ACTIVITY""}, {""enabled"": true, ""forId"": 3, ""id"": ""ef341c0e-9bee-33af-90ff-d0f09d54115d"", ""type"": ""TEAM_PLAYER_INJURY""}, {""enabled"": true, ""forId"": 3, ""id"": ""e20803b4-e7c5-31a9-a2ee-fec3bdfd4a86"", ""type"": ""TEAM_PLAYER_AVAILABILITY""}, {""enabled"": true, ""forId"": 3, ""id"": ""a4ebeed8-c8cb-39f0-8d9e-bbb7043b96a9"", ""type"": ""TEAM_PLAYER_NEWS""}, {""enabled"": true, ""forId"": 3, ""id"": ""0192bd3a-019d-3f58-9f20-063780a0a861"", ""type"": ""TEAM_PLAYER_STARTBENCH""}, {""enabled"": true, ""forId"": 3, ""id"": ""c73dc2f7-0452-35a7-9c5a-09005e9b69d4"", ""type"": ""TEAM_TRADE_OFFER""}, {""enabled"": true, ""forId"": 3, ""id"": ""7d06586a-845b-3368-92bf-6e18f55557ff"", ""type"": ""DRAFT""}, {""enabled"": true, ""forId"": 3, ""id"": ""3ce3b75d-71e9-30d9-a197-cf38bdd811c6"", ""type"": ""TEAM_MATCHUP_SCORE""}, {""enabled"": true, ""forId"": 3, ""id"": ""83d77f4c-5196-3b74-aa26-243f20fdfbaa"", ""type"": ""KEY_PLAY""}, {""enabled"": true, ""forId"": 3, ""id"": ""53ca70c7-5555-3bae-aeae-1c0326c382c7"", ""type"": ""ACHIEVEMENT""}, {""enabled"": true, ""forId"": 3, ""id"": ""2754c15c-459b-3213-a1bf-a63af92b9a95"", ""type"": ""REDZONE""}, {""enabled"": true, ""forId"": 3, ""id"": ""bf839e55-01a9-35a4-a84a-9e1015cdd053"", ""type"": ""ADD_DROP""}, {""enabled"": true, ""forId"": 3, ""id"": ""ff6faa2c-5ad2-33f1-9a50-fdd2c991e536"", ""type"": ""WEEKLY_RECAP""}, {""enabled"": true, ""forId"": 3, ""id"": ""3c94836a-cf1d-3e29-891e-5380f6618357"", ""type"": ""WAIVERS""}, {""enabled"": true, ""forId"": 3, ""id"": ""4fd55856-58fe-3271-bf6d-3188b88b7d92"", ""type"": ""CELEBRATION_SHARE""}]"
member,2052609889,2026,,Walker Prince,Walker,{69FAE7D4-494B-4FEA-A60C-528E9439833B},Prince,"[{""enabled"": true, ""forId"": 10, ""id"": ""f9f6dd57-39bf-31e3-aff0-75a663d5fffa"", ""type"": ""TEAM_LIVE_ACTIVITY""}, {""enabled"": true, ""forId"": 10, ""id"": ""c31805ec-56c6-3ed9-8c0a-f75dd57b252d"", ""type"": ""TEAM_PLAYER_INJURY""}, {""enabled"": true, ""forId"": 10, ""id"": ""78f35b64-e0c0-3cb8-bdad-18a5d6dad4f3"", ""type"": ""TEAM_PLAYER_AVAILABILITY""}, {""enabled"": true, ""forId"": 10, ""id"": ""b418f15e-af6f-3293-b496-3c73e767d632"", ""type"": ""TEAM_PLAYER_NEWS""}, {""enabled"": true, ""forId"": 10, ""id"": ""7406f7c4-7722-3d23-94cc-a43064b629fb"", ""type"": ""TEAM_PLAYER_STARTBENCH""}, {""enabled"": true, ""forId"": 10, ""id"": ""2994f273-5ea4-3a5a-b754-aa91aed07760"", ""type"": ""TEAM_TRADE_OFFER""}, {""enabled"": true, ""forId"": 10, ""id"": ""72f583f1-adc2-341d-9b6c-f582e0db2814"", ""type"": ""DRAFT""}, {""enabled"": true, ""forId"": 10, ""id"": ""eca0dee6-b05d-35bb-9345-f3c7901e6502"", ""type"": ""TEAM_MATCHUP_SCORE""}, {""enabled"": true, ""forId"": 10, ""id"": ""2ab60460-6330-3f1a-b9c3-b33c90bc53a3"", ""type"": ""KEY_PLAY""}, {""enabled"": true, ""forId"": 10, ""id"": ""3ec83ef0-13ab-3974-a55e-07b8e6cc69c6"", ""type"": ""ACHIEVEMENT""}, {""enabled"": true, ""forId"": 10, ""id"": ""94cae23e-749b-394f-bb78-b0394e713920"", ""type"": ""REDZONE""}, {""enabled"": true, ""forId"": 10, ""id"": ""c5acf686-e421-3fa1-ad55-0feda35d59c9"", ""type"": ""ADD_DROP""}, {""enabled"": true, ""forId"": 10, ""id"": ""22839365-5df8-3672-91ee-bd081cc857be"", ""type"": ""WEEKLY_RECAP""}, {""enabled"": true, ""forId"": 10, ""id"": ""04edbafd-1f24-37f0-9887-af68da2042ae"", ""type"": ""WAIVERS""}, {""enabled"": true, ""forId"": 10, ""id"": ""c1c61c37-5141-326b-a9b2-240d825818f4"", ""type"": ""CELEBRATION_SHARE""}]"
member,2052609889,2026,,ESPNFAN2652489084,James,{709731F5-41A1-4946-91B1-4E66D32D2570},Zogby,"[{""enabled"": true, ""forId"": 7, ""id"": ""daadc5a4-8d85-389e-b7e2-7110094d2d88"", ""type"": ""TEAM_LIVE_ACTIVITY""}, {""enabled"": true, ""forId"": 7, ""id"": ""5f2b07c0-0aad-31f9-b7e7-0a5fbdbeede0"", ""type"": ""TEAM_PLAYER_INJURY""}, {""enabled"": true, ""forId"": 7, ""id"": ""b233e0f3-5a42-31b5-bfe8-3d80a2d5fc9d"", ""type"": ""TEAM_PLAYER_AVAILABILITY""}, {""enabled"": true, ""forId"": 7, ""id"": ""bcf1b2fd-292b-3997-8796-86b625429b47"", ""type"": ""TEAM_PLAYER_NEWS""}, {""enabled"": true, ""forId"": 7, ""id"": ""b2b196eb-ae5a-3b82-944b-f6c5afa81a36"", ""type"": ""TEAM_PLAYER_STARTBENCH""}, {""enabled"": true, ""forId"": 7, ""id"": ""207af1e4-cc16-3220-8ec6-eee35026b60d"", ""type"": ""TEAM_TRADE_OFFER""}, {""enabled"": true, ""forId"": 7, ""id"": ""e1312c91-f98e-395a-bca4-9c92a04652ff"", ""type"": ""DRAFT""}, {""enabled"": true, ""forId"": 7, ""id"": ""6d94a7cc-b001-3b4e-be50-551cc2da78bb"", ""type"": ""TEAM_MATCHUP_SCORE""}, {""enabled"": true, ""forId"": 7, ""id"": ""5a6b67f3-c0c1-3172-97af-210a55555323"", ""type"": ""KEY_PLAY""}, {""enabled"": true, ""forId"": 7, ""id"": ""522cded1-8973-315a-a870-4e605e516caa"", ""type"": ""ACHIEVEMENT""}, {""enabled"": true, ""forId"": 7, ""id"": ""f7dade90-0d68-3e5e-a788-31ae251822a7"", ""type"": ""REDZONE""}, {""enabled"": true, ""forId"": 7, ""id"": ""5f1fb225-0ca4-3d3e-956e-556a5e0e1413"", ""type"": ""ADD_DROP""}, {""enabled"": true, ""forId"": 7, ""id"": ""cf6042b8-93f9-3f6c-84dd-6b2ee1e8f9b8"", ""type"": ""WEEKLY_RECAP""}, {""enabled"": true, ""forId"": 7, ""id"": ""a94514c8-e4f7-3961-bd08-e806207ac501"", ""type"": ""WAIVERS""}, {""enabled"": true, ""forId"": 7, ""id"": ""613bed17-19ee-38e4-80b1-9f63138a7617"", ""type"": ""CELEBRATION_SHARE""}]"
member,2052609889,2026,,Bill462162,Bill,{9D2C933F-3612-45A7-AC93-3F361265A73E},Hammy,"[{""enabled"": true, ""forId"": 8, ""id"": ""721b1405-d912-37df-8f05-541d9a825056"", ""type"": ""TEAM_LIVE_ACTIVITY""}, {""enabled"": true, ""forId"": 8, ""id"": ""2013f23e-04ec-30e8-ac0a-d04d7e6f85a1"", ""type"": ""TEAM_PLAYER_INJURY""}, {""enabled"": true, ""forId"": 8, ""id"": ""b3f3e65e-9edd-39cc-a458-5a9aaa4b9eae"", ""type"": ""TEAM_PLAYER_AVAILABILITY""}, {""enabled"": true, ""forId"": 8, ""id"": ""c46b304b-79ec-3c65-8386-c6dea98863f5"", ""type"": ""TEAM_PLAYER_NEWS""}, {""enabled"": true, ""forId"": 8, ""id"": ""600d574a-3d1b-367d-ab73-dc59c472f2ad"", ""type"": ""TEAM_PLAYER_STARTBENCH""}, {""enabled"": true, ""forId"": 8, ""id"": ""c14059eb-45e7-335e-80b5-d123e4b11e58"", ""type"": ""TEAM_TRADE_OFFER""}, {""enabled"": true, ""forId"": 8, ""id"": ""9256faa3-255d-3bc4-8430-75253783b394"", ""type"": ""DRAFT""}, {""enabled"": true, ""forId"": 8, ""id"": ""0b10ce95-bb5f-35e8-9734-a46a3a774fdf"", ""type"": ""TEAM_MATCHUP_SCORE""}, {""enabled"": true, ""forId"": 8, ""id"": ""3dd961e4-6d8e-3b2a-a313-8c85a9db495c"", ""type"": ""KEY_PLAY""}, {""enabled"": true, ""forId"": 8, ""id"": ""7ccbdc65-0930-3b8d-8d16-0a6301ae5005"", ""type"": ""ACHIEVEMENT""}, {""enabled"": true, ""forId"": 8, ""id"": ""dae1595a-3d03-3fb0-9e8c-71a6a1927988"", ""type"": ""REDZONE""}, {""enabled"": true, ""forId"": 8, ""id"": ""91383d89-78f2-32d8-a9a8-6a5996f60ab9"", ""type"": ""ADD_DROP""}, {""enabled"": true, ""forId"": 8, ""id"": ""f103a03c-3b61-37eb-ab71-a38ff5c431ca"", ""type"": ""WEEKLY_RECAP""}, {""enabled"": true, ""forId"": 8, ""id"": ""1f37d690-4e07-36b7-93a5-cdc5b6c8e944"", ""type"": ""WAIVERS""}, {""enabled"": true, ""forId"": 8, ""id"": ""7894a2e9-5b90-3e57-9d49-d4b648a15164"", ""type"": ""CELEBRATION_SHARE""}]"
member,2052609889,2026,,ESPNFAN9172472370,Anthony,{A8D3563F-B65D-4A80-AC47-45FCD6E9981B},Laryukhin,"[{""enabled"": true, ""forId"": 11, ""id"": ""4f1c12be-35cb-3cdc-ae10-03e626850494"", ""type"": ""TEAM_LIVE_ACTIVITY""}, {""enabled"": true, ""forId"": 11, ""id"": ""3b13c5cb-402d-3992-9500-1c72a77ec45b"", ""type"": ""TEAM_PLAYER_INJURY""}, {""enabled"": true, ""forId"": 11, ""id"": ""5d6c53af-1c68-3eea-8102-5bb6818cd628"", ""type"": ""TEAM_PLAYER_AVAILABILITY""}, {""enabled"": true, ""forId"": 11, ""id"": ""39832cbf-453b-39e0-8f10-1721f8f03ef5"", ""type"": ""TEAM_PLAYER_NEWS""}, {""enabled"": true, ""forId"": 11, ""id"": ""544b9654-0317-3361-bb83-e91aa81ae5c0"", ""type"": ""TEAM_PLAYER_STARTBENCH""}, {""enabled"": true, ""forId"": 11, ""id"": ""fddb10ba-69c5-3ef0-aea0-157f8bfd74c0"", ""type"": ""TEAM_TRADE_OFFER""}, {""enabled"": true, ""forId"": 11, ""id"": ""b67f75f9-d3ec-3bc0-8ca1-0fe66729aa6b"", ""type"": ""DRAFT""}, {""enabled"": true, ""forId"": 11, ""id"": ""3ae33be3-06e6-37b3-b5f5-38a35051d410"", ""type"": ""TEAM_MATCHUP_SCORE""}, {""enabled"": true, ""forId"": 11, ""id"": ""88596302-5ea2-30d1-bdea-e7d5f287080f"", ""type"": ""KEY_PLAY""}, {""enabled"": true, ""forId"": 11, ""id"": ""68bdc9a6-a285-389b-9ef0-6d92fed47473"", ""type"": ""ACHIEVEMENT""}, {""enabled"": true, ""forId"": 11, ""id"": ""1320f219-51e0-3968-8ffd-19f2743be727"", ""type"": ""REDZONE""}, {""enabled"": true, ""forId"": 11, ""id"": ""6cfd7261-613a-32aa-a740-f69a0b9b2d90"", ""type"": ""ADD_DROP""}, {""enabled"": true, ""forId"": 11, ""id"": ""11d507d2-3ea7-383f-a3bb-b139d9c3c525"", ""type"": ""WEEKLY_RECAP""}, {""enabled"": true, ""forId"": 11, ""id"": ""65861283-9da3-342d-b74d-ba1bd5c2de6a"", ""type"": ""WAIVERS""}, {""enabled"": true, ""forId"": 11, ""id"": ""b8997aaf-cc78-3125-9a7f-6f18cb44c108"", ""type"": ""CELEBRATION_SHARE""}]"
member,2052609889,2026,,justjam11,Jeremiah,{B2D96ED3-48A0-419E-8251-3F8700A0D3E9},Morkre,"[{""enabled"": true, ""forId"": 2, ""id"": ""d02ec14b-0b8b-3d95-a546-5f12669c05a9"", ""type"": ""TEAM_LIVE_ACTIVITY""}, {""enabled"": true, ""forId"": 2, ""id"": ""ee0c2a4e-f36c-38cf-a710-d43cc73b9648"", ""type"": ""TEAM_PLAYER_INJURY""}, {""enabled"": true, ""forId"": 2, ""id"": ""652ee8d3-db79-32bf-a3c1-535f7d7d60b6"", ""type"": ""TEAM_PLAYER_AVAILABILITY""}, {""enabled"": true, ""forId"": 2, ""id"": ""02958134-b453-3095-afa6-2947ebb44920"", ""type"": ""TEAM_PLAYER_NEWS""}, {""enabled"": true, ""forId"": 2, ""id"": ""6fbecc62-7067-3bb7-87c9-26f343d9f295"", ""type"": ""TEAM_PLAYER_STARTBENCH""}, {""enabled"": true, ""forId"": 2, ""id"": ""8ab4a54b-9d52-346b-8767-f9de21dda181"", ""type"": ""TEAM_TRADE_OFFER""}, {""enabled"": true, ""forId"": 2, ""id"": ""d3b2b808-1204-3028-97cd-f9e71667379a"", ""type"": ""DRAFT""}, {""enabled"": true, ""forId"": 2, ""id"": ""97e8c464-830b-3c74-bf69-463dacabacfc"", ""type"": ""TEAM_MATCHUP_SCORE""}, {""enabled"": true, ""forId"": 2, ""id"": ""840f6088-33bc-374e-b706-a0e338fb67bb"", ""type"": ""KEY_PLAY""}, {""enabled"": true, ""forId"": 2, ""id"": ""b853473b-78ce-326f-b7c4-a7c91e21e607"", ""type"": ""ACHIEVEMENT""}, {""enabled"": true, ""forId"": 2, ""id"": ""bcdceb94-9a09-3248-9dab-e1b7dba2dd31"", ""type"": ""REDZONE""}, {""enabled"": true, ""forId"": 2, ""id"": ""4e5a7311-7ba3-3ef1-96dc-0ea7d04005cf"", ""type"": ""ADD_DROP""}, {""enabled"": true, ""forId"": 2, ""id"": ""ecff9f55-6554-3dda-861a-2cca9fdf38f8"", ""type"": ""WEEKLY_RECAP""}, {""enabled"": true, ""forId"": 2, ""id"": ""39f33228-8436-3428-bf71-7bccc3fa8c0a"", ""type"": ""WAIVERS""}, {""enabled"": true, ""forId"": 2, ""id"": ""03534eea-b711-3c24-837d-30c982de7972"", ""type"": ""CELEBRATION_SHARE""}]"
member,2052609889,2026,,ESPNFAN3132017628,Chris,{C0024D54-8CAF-4BA4-BBF6-0EB8C3D30D2F},Pinkney,"[{""enabled"": true, ""forId"": 9, ""id"": ""0eb5bbe8-b733-3529-b3c6-386b2b3d16fd"", ""type"": ""TEAM_LIVE_ACTIVITY""}, {""enabled"": true, ""forId"": 9, ""id"": ""f24df7da-5a95-3c8c-be28-1d44f548fc87"", ""type"": ""TEAM_PLAYER_INJURY""}, {""enabled"": true, ""forId"": 9, ""id"": ""24747359-5ef8-3b7c-a75d-431ce999159c"", ""type"": ""TEAM_PLAYER_AVAILABILITY""}, {""enabled"": true, ""forId"": 9, ""id"": ""bea516f8-4bb2-35ec-a4c7-b6bb25d96998"", ""type"": ""TEAM_PLAYER_NEWS""}, {""enabled"": true, ""forId"": 9, ""id"": ""655af165-8c05-3d92-af9b-ee0baa33a789"", ""type"": ""TEAM_PLAYER_STARTBENCH""}, {""enabled"": true, ""forId"": 9, ""id"": ""f3700996-f82e-348b-96cf-70f309ff9042"", ""type"": ""TEAM_TRADE_OFFER""}, {""enabled"": true, ""forId"": 9, ""id"": ""0d176a98-acee-3a8f-a1c0-4ce2a23daae3"", ""type"": ""DRAFT""}, {""enabled"": true, ""forId"": 9, ""id"": ""7c073aa7-7474-32c9-984a-d170b3fdb8b1"", ""type"": ""TEAM_MATCHUP_SCORE""}, {""enabled"": true, ""forId"": 9, ""id"": ""b53333fe-2c3a-3a28-b9a0-2a56cd00be37"", ""type"": ""KEY_PLAY""}, {""enabled"": true, ""forId"": 9, ""id"": ""4e689dfb-f3ad-3a6f-8cb1-6b0905cff296"", ""type"": ""ACHIEVEMENT""}, {""enabled"": true, ""forId"": 9, ""id"": ""618635ea-ff8b-39e0-8ef4-f6ed0d4f6a06"", ""type"": ""REDZONE""}, {""enabled"": true, ""forId"": 9, ""id"": ""2970cee6-6fd4-344d-8671-9f7e365c5c70"", ""type"": ""ADD_DROP""}, {""enabled"": true, ""forId"": 9, ""id"": ""5863083c-989c-312d-94bd-da2132f59f37"", ""type"": ""WEEKLY_RECAP""}, {""enabled"": true, ""forId"": 9, ""id"": ""7299872d-f166-325c-8f7a-5bfa43af48fa"", ""type"": ""WAIVERS""}, {""enabled"": true, ""forId"": 9, ""id"": ""00fa7d7f-e24e-3fa4-a365-b0b7e3e70782"", ""type"": ""CELEBRATION_SHARE""}]"
member,2052609889,2026,,ESPNFAN0480692050,Donovan,{C3A683C4-4E18-42A2-8913-D0BF137EE61F},Bencosme,"[{""enabled"": true, ""forId"": 4, ""id"": ""42bef232-bf40-3cb0-a5d7-3e9f273df15b"", ""type"": ""TEAM_LIVE_ACTIVITY""}, {""enabled"": true, ""forId"": 4, ""id"": ""9682afd5-13c2-3e7d-82ff-eaf548443deb"", ""type"": ""TEAM_PLAYER_INJURY""}, {""enabled"": true, ""forId"": 4, ""id"": ""4691005b-4e1b-3b5a-8872-dcdfee7f7110"", ""type"": ""TEAM_PLAYER_AVAILABILITY""}, {""enabled"": true, ""forId"": 4, ""id"": ""96942de3-e4a0-3ba3-8c96-8dfe92aa077b"", ""type"": ""TEAM_PLAYER_NEWS""}, {""enabled"": true, ""forId"": 4, ""id"": ""89080894-73b6-3382-81f3-e0a4da2ce25c"", ""type"": ""TEAM_PLAYER_STARTBENCH""}, {""enabled"": true, ""forId"": 4, ""id"": ""26fba803-e7fd-3506-bcd9-33c2a4c3124a"", ""type"": ""TEAM_TRADE_OFFER""}, {""enabled"": true, ""forId"": 4, ""id"": ""851862bd-d56c-3a78-aab3-0f46590aa284"", ""type"": ""DRAFT""}, {""enabled"": true, ""forId"": 4, ""id"": ""065f3252-76ce-34f0-ba43-f0e446a7f610"", ""type"": ""TEAM_MATCHUP_SCORE""}, {""enabled"": true, ""forId"": 4, ""id"": ""ac70052c-747b-3b90-9a95-0e500c0b59bf"", ""type"": ""KEY_PLAY""}, {""enabled"": true, ""forId"": 4, ""id"": ""6ab861b1-5766-32d9-8081-9932987aa522"", ""type"": ""ACHIEVEMENT""}, {""enabled"": true, ""forId"": 4, ""id"": ""41ae283d-f438-3a48-82b4-a87df811b91e"", ""type"": ""REDZONE""}, {""enabled"": true, ""forId"": 4, ""id"": ""1a06a327-0ceb-31b4-93b1-94843de4fbb4"", ""type"": ""ADD_DROP""}, {""enabled"": true, ""forId"": 4, ""id"": ""58d86fb5-85b3-3b70-9212-2b502aa7d175"", ""type"": ""WEEKLY_RECAP""}, {""enabled"": true, ""forId"": 4, ""id"": ""9c8ecedb-95e7-3a0a-8e20-c9971b38ebca"", ""type"": ""WAIVERS""}, {""enabled"": true, ""forId"": 4, ""id"": ""a5fac0b8-941d-358d-99f5-cb7cedac8614"", ""type"": ""CELEBRATION_SHARE""}]"
member,2052609889,2026,,Kevin Lukash,Kevin,{DCD2262B-9570-4713-8396-9C62ADEE96AB},Lukash,"[{""enabled"": true, ""forId"": 12, ""id"": ""ebe6e124-f8fa-3aa3-8748-c7475b589aaa"", ""type"": ""TEAM_LIVE_ACTIVITY""}, {""enabled"": true, ""forId"": 12, ""id"": ""9dad6577-0d88-36f7-b850-c987b68742e3"", ""type"": ""TEAM_PLAYER_INJURY""}, {""enabled"": true, ""forId"": 12, ""id"": ""ab767229-9756-3f4d-bb5b-c2374b955f98"", ""type"": ""TEAM_PLAYER_AVAILABILITY""}, {""enabled"": true, ""forId"": 12, ""id"": ""fbc81d1c-f6f6-3c02-84c9-14a6c1c30b49"", ""type"": ""TEAM_PLAYER_NEWS""}, {""enabled"": true, ""forId"": 12, ""id"": ""855cd83e-d068-3daf-8fee-6e9760b12adc"", ""type"": ""TEAM_PLAYER_STARTBENCH""}, {""enabled"": true, ""forId"": 12, ""id"": ""7a0d5c64-1f24-3edc-af10-dbf37f586c1d"", ""type"": ""TEAM_TRADE_OFFER""}, {""enabled"": true, ""forId"": 12, ""id"": ""5c35a8b9-0dd6-3411-986d-8860ad3dcf61"", ""type"": ""DRAFT""}, {""enabled"": true, ""forId"": 12, ""id"": ""a92660e2-7508-38e0-92ce-9ecee7ed1a9f"", ""type"": ""TEAM_MATCHUP_SCORE""}, {""enabled"": true, ""forId"": 12, ""id"": ""c6f74a4b-f333-39b1-8fd0-9bcd39ab0ad3"", ""type"": ""KEY_PLAY""}, {""enabled"": true, ""forId"": 12, ""id"": ""54a6a82f-70d2-31ea-96c6-d2c8cd459040"", ""type"": ""ACHIEVEMENT""}, {""enabled"": true, ""forId"": 12, ""id"": ""9ad151ee-8867-340d-815b-af0ef38ba6a4"", ""type"": ""REDZONE""}, {""enabled"": true, ""forId"": 12, ""id"": ""8b07f429-06e7-3d1b-a63d-00bc7e688c5f"", ""type"": ""ADD_DROP""}, {""enabled"": true, ""forId"": 12, ""id"": ""d3f6aa3f-de00-33ee-b26e-8f2b3458a6ad"", ""type"": ""WEEKLY_RECAP""}, {""enabled"": true, ""forId"": 12, ""id"": ""a8718ac9-d219-3a2c-8985-658f13df3dd9"", ""type"": ""WAIVERS""}, {""enabled"": true, ""forId"": 12, ""id"": ""ddc04f23-7d62-3adb-b73e-0a8f6f8c03b5"", ""type"": ""CELEBRATION_SHARE""}]"
